{
	"info": {
		"_postman_id": "f009c088-5a61-4274-b07f-52a02bc43940",
		"name": "api-manajemen-film 2",
		"schema": "https://schema.getpostman.com/json/collection/v2.1.0/collection.json",
		"_exporter_id": "48008986"
	},
	"item": [
		{
			"name": "movies",
			"request": {
				"method": "GET",
				"header": [],
				"url": {
					"raw": "http://localhost:3300/movies",
					"protocol": "http",
					"host": [
						"localhost"
					],
					"port": "3300",
					"path": [
						"movies"
					]
				}
			},
			"response": []
		},
		{
			"name": "movies/id",
			"request": {
				"method": "GET",
				"header": [],
				"url": {
					"raw": "http://localhost:3300/movies/1",
					"protocol": "http",
					"host": [
						"localhost"
					],
					"port": "3300",
					"path": [
						"movies",
						"1"
					]
				}
			},
			"response": []
		},
		{
			"name": "movies",
			"request": {
				"method": "POST",
				"header": [],
				"body": {
					"mode": "raw",
					"raw": "{\r\n    \"title\": \"Dune\", \r\n    \"director\": \"Denis Villeneuve\", \r\n    \"year\": 2021\r\n}",
					"options": {
						"raw": {
							"language": "json"
						}
					}
				},
				"url": {
					"raw": "http://localhost:3300/movies",
					"protocol": "http",
					"host": [
						"localhost"
					],
					"port": "3300",
					"path": [
						"movies"
					]
				}
			},
			"response": []
		},
		{
			"name": "movies/id",
			"request": {
				"method": "PUT",
				"header": [],
				"body": {
					"mode": "raw",
					"raw": "{\r\n    \"title\":\"Parasite\",\r\n    \"director\":\"Bong Joon-ho\",\r\n    \"year\":2019\r\n}",
					"options": {
						"raw": {
							"language": "json"
						}
					}
				},
				"url": {
					"raw": "http://localhost:3300/movies/1",
					"protocol": "http",
					"host": [
						"localhost"
					],
					"port": "3300",
					"path": [
						"movies",
						"1"
					]
				}
			},
			"response": []
		},
		{
			"name": "movies/id",
			"request": {
				"method": "DELETE",
				"header": [],
				"body": {
					"mode": "raw",
					"raw": "{\r\n    \"title\":\"Parasite\",\r\n    \"director\":\"Bong Joon-ho\",\r\n    \"year\":2019\r\n}"
				},
				"url": {
					"raw": "http://localhost:3300/movies/1",
					"protocol": "http",
					"host": [
						"localhost"
					],
					"port": "3300",
					"path": [
						"movies",
						"1"
					]
				}
			},
			"response": []
		},
		{
			"name": "directors",
			"protocolProfileBehavior": {
				"disableBodyPruning": true
			},
			"request": {
				"method": "GET",
				"header": [],
				"body": {
					"mode": "raw",
					"raw": "{\r\n    \"title\":\"Parasite\",\r\n    \"director\":\"Bong Joon-ho\",\r\n    \"year\":2019\r\n}"
				},
				"url": {
					"raw": "http://localhost:3300/directors",
					"protocol": "http",
					"host": [
						"localhost"
					],
					"port": "3300",
					"path": [
						"directors"
					]
				}
			},
			"response": []
		},
		{
			"name": "directors/id",
			"protocolProfileBehavior": {
				"disableBodyPruning": true
			},
			"request": {
				"method": "GET",
				"header": [],
				"body": {
					"mode": "raw",
					"raw": "{\r\n    \"title\":\"Parasite\",\r\n    \"director\":\"Bong Joon-ho\",\r\n    \"year\":2019\r\n}"
				},
				"url": {
					"raw": "http://localhost:3300/directors/2",
					"protocol": "http",
					"host": [
						"localhost"
					],
					"port": "3300",
					"path": [
						"directors",
						"2"
					]
				}
			},
			"response": []
		},
		{
			"name": "directors",
			"request": {
				"method": "POST",
				"header": [],
				"body": {
					"mode": "raw",
					"raw": "{\r\n    \"name\":\"Quentin Tarantino\",\r\n    \"birthYear\":1963\r\n}",
					"options": {
						"raw": {
							"language": "json"
						}
					}
				},
				"url": {
					"raw": "http://localhost:3300/directors",
					"protocol": "http",
					"host": [
						"localhost"
					],
					"port": "3300",
					"path": [
						"directors"
					]
				}
			},
			"response": []
		},
		{
			"name": "directors/id",
			"request": {
				"method": "PUT",
				"header": [],
				"body": {
					"mode": "raw",
					"raw": "{\r\n    \"name\":\"Steven Spielberg\", \r\n    \"birthYear\":1946\r\n}",
					"options": {
						"raw": {
							"language": "json"
						}
					}
				},
				"url": {
					"raw": "http://localhost:3300/directors/2",
					"protocol": "http",
					"host": [
						"localhost"
					],
					"port": "3300",
					"path": [
						"directors",
						"2"
					]
				}
			},
			"response": []
		},
		{
			"name": "movies/id",
			"request": {
				"method": "GET",
				"header": []
			},
			"response": []
		}
	]
}