{
	"info": {
		"_postman_id": "b0cfa026-c254-4120-a77d-3624b345b4fd",
		"name": "api-manajemen-film_auth",
		"schema": "https://schema.getpostman.com/json/collection/v2.1.0/collection.json",
		"_exporter_id": "48008986"
	},
	"item": [
		{
			"name": "Register",
			"request": {
				"method": "POST",
				"header": [],
				"body": {
					"mode": "raw",
					"raw": "{\r\n    \"username\" : \"nailatul\",\r\n    \"password\" : \"123456\"\r\n}",
					"options": {
						"raw": {
							"language": "json"
						}
					}
				},
				"url": {
					"raw": "http://localhost:3300/auth/register",
					"protocol": "http",
					"host": [
						"localhost"
					],
					"port": "3300",
					"path": [
						"auth",
						"register"
					]
				}
			},
			"response": []
		},
		{
			"name": "login",
			"request": {
				"method": "POST",
				"header": [],
				"body": {
					"mode": "raw",
					"raw": "{\r\n    \"username\" : \"nailatul\",\r\n    \"password\" : \"123456\"\r\n}",
					"options": {
						"raw": {
							"language": "json"
						}
					}
				},
				"url": {
					"raw": "http://localhost:3300/auth/login",
					"protocol": "http",
					"host": [
						"localhost"
					],
					"port": "3300",
					"path": [
						"auth",
						"login"
					]
				}
			},
			"response": []
		},
		{
			"name": "tanpa token",
			"request": {
				"method": "POST",
				"header": [],
				"body": {
					"mode": "raw",
					"raw": "{\r\n  \"title\": \"Spiderman\",\r\n  \"director\": \"Jon Watts\",\r\n  \"year\": 2024\r\n}\r\n",
					"options": {
						"raw": {
							"language": "json"
						}
					}
				},
				"url": {
					"raw": "http://localhost:3300/movies",
					"protocol": "http",
					"host": [
						"localhost"
					],
					"port": "3300",
					"path": [
						"movies"
					]
				}
			},
			"response": []
		},
		{
			"name": "Dengan token",
			"request": {
				"method": "GET",
				"header": []
			},
			"response": []
		},
		{
			"name": "Dengan token",
			"request": {
				"auth": {
					"type": "bearer",
					"bearer": [
						{
							"key": "token",
							"value": "eyJhbGciOiJIUzI1NiIsInR5cCI6IkpXVCJ9.eyJ1c2VyIjp7ImlkIjoxLCJ1c2VybmFtZSI6Im5haWxhdHVsIn0sImlhdCI6MTc2MzUxNTI2NiwiZXhwIjoxNzYzNTE4ODY2fQ.xzUQKdIdvGpq5LkWtccURoR8kBKAxJEFO-t15cCNIOI",
							"type": "string"
						}
					]
				},
				"method": "PUT",
				"header": [],
				"body": {
					"mode": "raw",
					"raw": "{\r\n  \"title\": \"Spiderman\",\r\n  \"director\": \"Jon Watts\",\r\n  \"year\": 2025\r\n}\r\n",
					"options": {
						"raw": {
							"language": "json"
						}
					}
				},
				"url": {
					"raw": "http://localhost:3300/movies/4",
					"protocol": "http",
					"host": [
						"localhost"
					],
					"port": "3300",
					"path": [
						"movies",
						"4"
					]
				}
			},
			"response": []
		},
		{
			"name": "Dengan token",
			"request": {
				"auth": {
					"type": "bearer",
					"bearer": [
						{
							"key": "token",
							"value": "eyJhbGciOiJIUzI1NiIsInR5cCI6IkpXVCJ9.eyJ1c2VyIjp7ImlkIjoxLCJ1c2VybmFtZSI6Im5haWxhdHVsIn0sImlhdCI6MTc2MzUxNTI2NiwiZXhwIjoxNzYzNTE4ODY2fQ.xzUQKdIdvGpq5LkWtccURoR8kBKAxJEFO-t15cCNIOI",
							"type": "string"
						}
					]
				},
				"method": "DELETE",
				"header": [],
				"url": {
					"raw": "http://localhost:3300/movies/4",
					"protocol": "http",
					"host": [
						"localhost"
					],
					"port": "3300",
					"path": [
						"movies",
						"4"
					]
				}
			},
			"response": []
		},
		{
			"name": "tanpa token",
			"request": {
				"method": "POST",
				"header": [],
				"body": {
					"mode": "raw",
					"raw": "{\r\n  \"name\": \"James Cameron\",\r\n  \"birthYear\": 1954\r\n}\r\n",
					"options": {
						"raw": {
							"language": "json"
						}
					}
				},
				"url": {
					"raw": "http://localhost:3300/directors",
					"protocol": "http",
					"host": [
						"localhost"
					],
					"port": "3300",
					"path": [
						"directors"
					]
				}
			},
			"response": []
		},
		{
			"name": "Register/2",
			"request": {
				"method": "POST",
				"header": [],
				"body": {
					"mode": "raw",
					"raw": "{\r\n    \"username\" : \"sakhialni\",\r\n    \"password\" : \"123456\"\r\n}",
					"options": {
						"raw": {
							"language": "json"
						}
					}
				},
				"url": {
					"raw": "http://localhost:3300/auth/register",
					"protocol": "http",
					"host": [
						"localhost"
					],
					"port": "3300",
					"path": [
						"auth",
						"register"
					]
				}
			},
			"response": []
		},
		{
			"name": "login/2",
			"request": {
				"method": "GET",
				"header": []
			},
			"response": []
		},
		{
			"name": "tanpatoken",
			"request": {
				"method": "POST",
				"header": [],
				"body": {
					"mode": "raw",
					"raw": "{\r\n  \"name\": \"James Cameron\",\r\n  \"birthYear\": 1954\r\n}\r\n",
					"options": {
						"raw": {
							"language": "json"
						}
					}
				},
				"url": {
					"raw": "http://localhost:3300/directors",
					"protocol": "http",
					"host": [
						"localhost"
					],
					"port": "3300",
					"path": [
						"directors"
					]
				}
			},
			"response": []
		},
		{
			"name": "dengan token",
			"request": {
				"auth": {
					"type": "bearer",
					"bearer": [
						{
							"key": "token",
							"value": "eyJhbGciOiJIUzI1NiIsInR5cCI6IkpXVCJ9.eyJ1c2VyIjp7ImlkIjoyLCJ1c2VybmFtZSI6InNha2hpYWxuaSJ9LCJpYXQiOjE3NjM1NTQxNDksImV4cCI6MTc2MzU1Nzc0OX0.G6bitzbeyAGNHCTta1KrCH5MsVpT5RWy7XpiO7_SDvs",
							"type": "string"
						}
					]
				},
				"method": "POST",
				"header": [],
				"body": {
					"mode": "raw",
					"raw": "{\r\n  \"name\": \"James Cameron\",\r\n  \"birthYear\": 1954\r\n}\r\n",
					"options": {
						"raw": {
							"language": "json"
						}
					}
				},
				"url": {
					"raw": "http://localhost:3300/directors",
					"protocol": "http",
					"host": [
						"localhost"
					],
					"port": "3300",
					"path": [
						"directors"
					]
				}
			},
			"response": []
		},
		{
			"name": "Dengan token",
			"request": {
				"auth": {
					"type": "bearer",
					"bearer": [
						{
							"key": "token",
							"value": "eyJhbGciOiJIUzI1NiIsInR5cCI6IkpXVCJ9.eyJ1c2VyIjp7ImlkIjoyLCJ1c2VybmFtZSI6InNha2hpYWxuaSJ9LCJpYXQiOjE3NjM1NTQxNDksImV4cCI6MTc2MzU1Nzc0OX0.G6bitzbeyAGNHCTta1KrCH5MsVpT5RWy7XpiO7_SDvs",
							"type": "string"
						}
					]
				},
				"method": "PUT",
				"header": [],
				"body": {
					"mode": "raw",
					"raw": "{\r\n  \"name\": \"James Cameron\",\r\n  \"birthYear\": 1955\r\n}\r\n",
					"options": {
						"raw": {
							"language": "json"
						}
					}
				},
				"url": {
					"raw": "http://localhost:3300/directors/6",
					"protocol": "http",
					"host": [
						"localhost"
					],
					"port": "3300",
					"path": [
						"directors",
						"6"
					]
				}
			},
			"response": []
		},
		{
			"name": "Dengan token",
			"request": {
				"auth": {
					"type": "bearer",
					"bearer": [
						{
							"key": "token",
							"value": "eyJhbGciOiJIUzI1NiIsInR5cCI6IkpXVCJ9.eyJ1c2VyIjp7ImlkIjoyLCJ1c2VybmFtZSI6InNha2hpYWxuaSJ9LCJpYXQiOjE3NjM1NTQxNDksImV4cCI6MTc2MzU1Nzc0OX0.G6bitzbeyAGNHCTta1KrCH5MsVpT5RWy7XpiO7_SDvs",
							"type": "string"
						}
					]
				},
				"method": "DELETE",
				"header": [],
				"body": {
					"mode": "raw",
					"raw": "{\r\n  \"name\": \"James Cameron\",\r\n  \"birthYear\": 1955\r\n}\r\n"
				},
				"url": {
					"raw": "http://localhost:3300/directors/6",
					"protocol": "http",
					"host": [
						"localhost"
					],
					"port": "3300",
					"path": [
						"directors",
						"6"
					]
				}
			},
			"response": []
		}
	]
}