{
	"info": {
		"_postman_id": "a55eb885-bc60-4901-bc47-8721235a499f",
		"name": "api-manajement-film-auth 2",
		"schema": "https://schema.getpostman.com/json/collection/v2.1.0/collection.json",
		"_exporter_id": "48008986"
	},
	"item": [
		{
			"name": "register",
			"request": {
				"method": "POST",
				"header": [],
				"body": {
					"mode": "raw",
					"raw": "{\r\n    \"username\": \"nainaii\",\r\n    \"password\": \"nai12345678\"\r\n}",
					"options": {
						"raw": {
							"language": "json"
						}
					}
				},
				"url": {
					"raw": "http://localhost:3300/auth/register",
					"protocol": "http",
					"host": [
						"localhost"
					],
					"port": "3300",
					"path": [
						"auth",
						"register"
					]
				}
			},
			"response": []
		},
		{
			"name": "register-admin",
			"request": {
				"method": "POST",
				"header": [],
				"body": {
					"mode": "raw",
					"raw": "{\r\n    \"username\": \"sakhi\",\r\n    \"password\": \"sakhi123\"\r\n}",
					"options": {
						"raw": {
							"language": "json"
						}
					}
				},
				"url": {
					"raw": "http://localhost:3300/auth/register-admin",
					"protocol": "http",
					"host": [
						"localhost"
					],
					"port": "3300",
					"path": [
						"auth",
						"register-admin"
					]
				}
			},
			"response": []
		},
		{
			"name": "loginadmin",
			"request": {
				"method": "POST",
				"header": [],
				"body": {
					"mode": "raw",
					"raw": "{\r\n    \"username\": \"sakhialni\",\r\n    \"password\": \"sakhi123\"\r\n}",
					"options": {
						"raw": {
							"language": "json"
						}
					}
				},
				"url": {
					"raw": "http://localhost:3300/auth/login",
					"protocol": "http",
					"host": [
						"localhost"
					],
					"port": "3300",
					"path": [
						"auth",
						"login"
					]
				}
			},
			"response": []
		},
		{
			"name": "login-user",
			"request": {
				"method": "POST",
				"header": [],
				"body": {
					"mode": "raw",
					"raw": "{\r\n    \"username\": \"nainaii\",\r\n    \"password\": \"nai12345678\"\r\n}",
					"options": {
						"raw": {
							"language": "json"
						}
					}
				},
				"url": {
					"raw": "http://localhost:3300/auth/login",
					"protocol": "http",
					"host": [
						"localhost"
					],
					"port": "3300",
					"path": [
						"auth",
						"login"
					]
				}
			},
			"response": []
		},
		{
			"name": "movies-user",
			"request": {
				"auth": {
					"type": "bearer",
					"bearer": [
						{
							"key": "token",
							"value": "eyJhbGciOiJIUzI1NiIsInR5cCI6IkpXVCJ9.eyJ1c2VyIjp7ImlkIjoxLCJ1c2VybmFtZSI6Im5haW5haWkiLCJyb2xlIjoidXNlciJ9LCJpYXQiOjE3NjM1OTc0OTMsImV4cCI6MTc2MzYwMTA5M30.O7pMh3lflM69ChZYhprjvNOXZFk7O42A7Ct2-H0ZZS0",
							"type": "string"
						}
					]
				},
				"method": "POST",
				"header": [],
				"body": {
					"mode": "raw",
					"raw": "{\r\n  \"title\": \"Avengers: Endgame\",\r\n  \"director\": \"Anthony Russo & Joe Russo\",\r\n  \"year\": 2019\r\n}\r\n",
					"options": {
						"raw": {
							"language": "json"
						}
					}
				},
				"url": {
					"raw": "http://localhost:3300/movies",
					"protocol": "http",
					"host": [
						"localhost"
					],
					"port": "3300",
					"path": [
						"movies"
					]
				}
			},
			"response": []
		},
		{
			"name": "movies/user",
			"request": {
				"auth": {
					"type": "bearer",
					"bearer": [
						{
							"key": "token",
							"value": "eyJhbGciOiJIUzI1NiIsInR5cCI6IkpXVCJ9.eyJ1c2VyIjp7ImlkIjoxLCJ1c2VybmFtZSI6Im5haW5haWkiLCJyb2xlIjoidXNlciJ9LCJpYXQiOjE3NjM2MDMxMTYsImV4cCI6MTc2MzYwNjcxNn0.31Ln06su9I68D3B4Od-GNblFCrWYEiFMp67phpNMu3U",
							"type": "string"
						}
					]
				},
				"method": "DELETE",
				"header": [],
				"url": {
					"raw": "http://localhost:3300/movies/6",
					"protocol": "http",
					"host": [
						"localhost"
					],
					"port": "3300",
					"path": [
						"movies",
						"6"
					]
				}
			},
			"response": []
		},
		{
			"name": "movies-admin",
			"request": {
				"auth": {
					"type": "bearer",
					"bearer": [
						{
							"key": "token",
							"value": "eyJhbGciOiJIUzI1NiIsInR5cCI6IkpXVCJ9.eyJ1c2VyIjp7ImlkIjozLCJ1c2VybmFtZSI6InNha2hpYWxuaSIsInJvbGUiOiJhZG1pbiJ9LCJpYXQiOjE3NjM2MDMyNzAsImV4cCI6MTc2MzYwNjg3MH0.qyeY41KNjsTBSvO9b40flFuykIq9jSO5qyqJEM7UV-U",
							"type": "string"
						}
					]
				},
				"method": "DELETE",
				"header": [],
				"url": {
					"raw": "http://localhost:3300/movies/6",
					"protocol": "http",
					"host": [
						"localhost"
					],
					"port": "3300",
					"path": [
						"movies",
						"6"
					]
				}
			},
			"response": []
		},
		{
			"name": "movies-admin",
			"request": {
				"auth": {
					"type": "bearer",
					"bearer": [
						{
							"key": "token",
							"value": "eyJhbGciOiJIUzI1NiIsInR5cCI6IkpXVCJ9.eyJ1c2VyIjp7ImlkIjozLCJ1c2VybmFtZSI6InNha2hpYWxuaSIsInJvbGUiOiJhZG1pbiJ9LCJpYXQiOjE3NjM2MDMyNzAsImV4cCI6MTc2MzYwNjg3MH0.qyeY41KNjsTBSvO9b40flFuykIq9jSO5qyqJEM7UV-U",
							"type": "string"
						}
					]
				},
				"method": "PUT",
				"header": [],
				"body": {
					"mode": "raw",
					"raw": "{\r\n  \"title\": \"Avengers: Endgame\",\r\n  \"director\": \"Anthony Russo & Joe Russo\",\r\n  \"year\": 2020\r\n}\r\n",
					"options": {
						"raw": {
							"language": "json"
						}
					}
				},
				"url": {
					"raw": "http://localhost:3300/movies/5",
					"protocol": "http",
					"host": [
						"localhost"
					],
					"port": "3300",
					"path": [
						"movies",
						"5"
					]
				}
			},
			"response": []
		},
		{
			"name": "directors-user",
			"request": {
				"auth": {
					"type": "bearer",
					"bearer": [
						{
							"key": "token",
							"value": "eyJhbGciOiJIUzI1NiIsInR5cCI6IkpXVCJ9.eyJ1c2VyIjp7ImlkIjoxLCJ1c2VybmFtZSI6Im5haW5haWkiLCJyb2xlIjoidXNlciJ9LCJpYXQiOjE3NjM2MDMxMTYsImV4cCI6MTc2MzYwNjcxNn0.31Ln06su9I68D3B4Od-GNblFCrWYEiFMp67phpNMu3U",
							"type": "string"
						}
					]
				},
				"method": "DELETE",
				"header": [],
				"url": {
					"raw": "http://localhost:3300/movies/5",
					"protocol": "http",
					"host": [
						"localhost"
					],
					"port": "3300",
					"path": [
						"movies",
						"5"
					]
				}
			},
			"response": []
		},
		{
			"name": "directors-admin",
			"request": {
				"auth": {
					"type": "bearer",
					"bearer": [
						{
							"key": "token",
							"value": "eyJhbGciOiJIUzI1NiIsInR5cCI6IkpXVCJ9.eyJ1c2VyIjp7ImlkIjozLCJ1c2VybmFtZSI6InNha2hpYWxuaSIsInJvbGUiOiJhZG1pbiJ9LCJpYXQiOjE3NjM2MDMyNzAsImV4cCI6MTc2MzYwNjg3MH0.qyeY41KNjsTBSvO9b40flFuykIq9jSO5qyqJEM7UV-U",
							"type": "string"
						}
					]
				},
				"method": "DELETE",
				"header": [],
				"url": {
					"raw": "http://localhost:3300/movies/5",
					"protocol": "http",
					"host": [
						"localhost"
					],
					"port": "3300",
					"path": [
						"movies",
						"5"
					]
				}
			},
			"response": []
		}
	]
}